{
  "airports_latest_rows": 6850,
  "airports_rows": 20229,
  "dest_distinct_airport_ids": 437,
  "dest_matched_airport_ids": 437,
  "latest_view_non_latest_rows": 0,
  "matched_sample": [
    [
      "ABE",
      "10135",
      "10135",
      "Lehigh Valley International",
      "-0500",
      "40.65166667",
      "-75.44277778"
    ],
    [
      "ABI",
      "10136",
      "10136",
      "Abilene Regional",
      "-0600",
      "32.40833333",
      "-99.6825"
    ],
    [
      "ABQ",
      "10140",
      "10140",
      "Albuquerque International Sunport",
      "-0700",
      "35.03805556",
      "-106.61"
    ],
    [
      "ABR",
      "10141",
      "10141",
      "Aberdeen Regional",
      "-0600",
      "45.44666667",
      "-98.42305556"
    ],
    [
      "ABY",
      "10146",
      "10146",
      "Southwest Georgia Regional",
      "-0500",
      "31.53555556",
      "-84.19444444"
    ],
    [
      "ACK",
      "10154",
      "10154",
      "Nantucket Memorial",
      "-0500",
      "41.25333333",
      "-70.06055556"
    ],
    [
      "ACT",
      "10155",
      "10155",
      "Waco Regional",
      "-0600",
      "31.60416667",
      "-97.22972222"
    ],
    [
      "ACV",
      "10157",
      "10157",
      "California Redwood Coast Humboldt County",
      "-0800",
      "40.97777778",
      "-124.10833333"
    ],
    [
      "ACY",
      "10158",
      "10158",
      "Atlantic City International",
      "-0500",
      "39.45916667",
      "-74.57861111"
    ],
    [
      "ADK",
      "10165",
      "10165",
      "Adak",
      "-1000",
      "51.88361111",
      "-176.6425"
    ]
  ],
  "origin_distinct_airport_ids": 435,
  "origin_matched_airport_ids": 435,
  "unmatched_dests": [],
  "unmatched_origins": [],
  "verified_at": "2026-03-18T14:55:43.747358+00:00"
}
